event_month,cart_remove_rate,purchase_rate_from_cart
1,0.6192563275542631,0.18591222142877634
2,0.6140345451763058,0.1718838696469434
10,0.49437139675116953,0.16284770186538738
11,0.7284742937627493,0.21923449437711476
12,0.6414626639555764,0.1922323068054349
